Workbook
Name position: _xlfn.XLOOKUP('RESULT SHEET'!XEW1048561,_xlfn.ANCHORARRAY(#REF!),#REF!)

Sheet Names of Students
A1: CLASS | B1: JSS2
A2: Form Master | B2: XXXX
A3: Name | B3: Sex
A4: Christiana Gabriel | B4: F
A5: Gabriel Ogbe | B5: M
A6: Grace Okpara | B6: F
A7: Kemi Sola | B7: F
A8: Michael Okoro | B8: M
A9: Shola Sholati | B9: F
A10: Tutu Adegun | B10: M
A11: Victor Okafor | B11: M
A12: Victor Omenma | B12: M

Sheet English Language
B1: Subject: | C1: English Language
B2: Instructor's Name | C2: Idama Kingsley
A3: S/N | B3: Name | C3: Sex | D3: Test 1 | E3: Test 2 | F3: Exam | G3: Total | H3: Grade | I3: Position
A4: 1 | B4: Christiana Gabriel | C4: F | D4: 12 | E4: 18 | F4: 39 | G4: =SUM(D4:F4) -> 69 | H4: =IF(G4>=70, "A", IF(G4>=60, "B", IF(G4>=50, "C", IF(G4>=40, "D", "E")))) -> B | I4: =_xlfn.RANK.EQ(G4, $G$4:$G$12) -> 7
A5: 2 | B5: Gabriel Ogbe | C5: M | D5: 13 | E5: 17 | F5: 43 | G5: =SUM(D5:F5) -> 73 | H5: =IF(G5>=70, "A", IF(G5>=60, "B", IF(G5>=50, "C", IF(G5>=40, "D", "E")))) -> A | I5: =_xlfn.RANK.EQ(G5, $G$4:$G$12) -> 5
A6: 3 | B6: Grace Okpara | C6: F | D6: 18 | E6: 17 | F6: 50 | G6: =SUM(D6:F6) -> 85 | H6: =IF(G6>=70, "A", IF(G6>=60, "B", IF(G6>=50, "C", IF(G6>=40, "D", "E")))) -> A | I6: =_xlfn.RANK.EQ(G6, $G$4:$G$12) -> 2
A7: 4 | B7: Kemi Sola | C7: F | D7: 19 | E7: 16 | F7: 40 | G7: =SUM(D7:F7) -> 75 | H7: =IF(G7>=70, "A", IF(G7>=60, "B", IF(G7>=50, "C", IF(G7>=40, "D", "E")))) -> A | I7: =_xlfn.RANK.EQ(G7, $G$4:$G$12) -> 4
A8: 5 | B8: Michael Okoro | C8: M | D8: 11 | E8: 20 | F8: 42 | G8: =SUM(D8:F8) -> 73 | H8: =IF(G8>=70, "A", IF(G8>=60, "B", IF(G8>=50, "C", IF(G8>=40, "D", "E")))) -> A | I8: =_xlfn.RANK.EQ(G8, $G$4:$G$12) -> 5
A9: 6 | B9: Shola Sholati | C9: F | D9: 13 | E9: 16 | F9: 47 | G9: =SUM(D9:F9) -> 76 | H9: =IF(G9>=70, "A", IF(G9>=60, "B", IF(G9>=50, "C", IF(G9>=40, "D", "E")))) -> A | I9: =_xlfn.RANK.EQ(G9, $G$4:$G$12) -> 3
A10: 7 | B10: Tutu Adegun | C10: M | D10: 18 | E10: 19 | F10: 51 | G10: =SUM(D10:F10) -> 88 | H10: =IF(G10>=70, "A", IF(G10>=60, "B", IF(G10>=50, "C", IF(G10>=40, "D", "E")))) -> A | I10: =_xlfn.RANK.EQ(G10, $G$4:$G$12) -> 1
A11: 8 | B11: Victor Okafor | C11: M | D11: 0 | E11: 0 | F11: 5 | G11: =SUM(D11:F11) -> 5 | H11: =IF(G11>=70, "A", IF(G11>=60, "B", IF(G11>=50, "C", IF(G11>=40, "D", "E")))) -> E | I11: =_xlfn.RANK.EQ(G11, $G$4:$G$12) -> 9
A12: 9 | B12: Victor Omenma | C12: M | D12: 11 | E12: 9 | F12: 18 | G12: =SUM(D12:F12) -> 38 | H12: =IF(G12>=70, "A", IF(G12>=60, "B", IF(G12>=50, "C", IF(G12>=40, "D", "E")))) -> E | I12: =_xlfn.RANK.EQ(G12, $G$4:$G$12) -> 8

Sheet Mathematics
B1: Subject: | C1: Mathematics
B2: Instructor's Name | C2: Idama Kingsley
A3: S/N | B3: Name | C3: Sex | D3: Test 1 | E3: Test 2 | F3: Exam | G3: Total | H3: GRADE | I3: Position
A4: 1 | B4: Christiana Gabriel | C4: F | D4: 16 | E4: 13 | F4: 38 | G4: =SUM(D4:F4) -> 67 | H4: =IF(G4>=70, "A", IF(G4>=60, "B", IF(G4>=50, "C", IF(G4>=40, "D", "E")))) -> B | I4: =_xlfn.RANK.EQ(G4, $G$4:$G$12) -> 5
A5: 2 | B5: Gabriel Ogbe | C5: M | D5: 3 | E5: 17 | F5: 15 | G5: =SUM(D5:F5) -> 35 | H5: =IF(G5>=70, "A", IF(G5>=60, "B", IF(G5>=50, "C", IF(G5>=40, "D", "E")))) -> E | I5: =_xlfn.RANK.EQ(G5, $G$4:$G$12) -> 9
A6: 3 | B6: Grace Okpara | C6: F | D6: 11 | E6: 19 | F6: 27 | G6: =SUM(D6:F6) -> 57 | H6: =IF(G6>=70, "A", IF(G6>=60, "B", IF(G6>=50, "C", IF(G6>=40, "D", "E")))) -> C | I6: =_xlfn.RANK.EQ(G6, $G$4:$G$12) -> 7
A7: 4 | B7: Kemi Sola | C7: M | D7: 20 | E7: 13 | F7: 33 | G7: =SUM(D7:F7) -> 66 | H7: =IF(G7>=70, "A", IF(G7>=60, "B", IF(G7>=50, "C", IF(G7>=40, "D", "E")))) -> B | I7: =_xlfn.RANK.EQ(G7, $G$4:$G$12) -> 6
A8: 5 | B8: Michael Okoro | C8: M | D8: 20 | E8: 20 | F8: 53 | G8: =SUM(D8:F8) -> 93 | H8: =IF(G8>=70, "A", IF(G8>=60, "B", IF(G8>=50, "C", IF(G8>=40, "D", "E")))) -> A | I8: =_xlfn.RANK.EQ(G8, $G$4:$G$12) -> 2
A9: 6 | B9: Shola Sholati | C9: F | D9: 10 | E9: 20 | F9: 42 | G9: =SUM(D9:F9) -> 72 | H9: =IF(G9>=70, "A", IF(G9>=60, "B", IF(G9>=50, "C", IF(G9>=40, "D", "E")))) -> A | I9: =_xlfn.RANK.EQ(G9, $G$4:$G$12) -> 4
A10: 7 | B10: Tutu Adegun | C10: M | D10: 20 | E10: 19 | F10: 57 | G10: =SUM(D10:F10) -> 96 | H10: =IF(G10>=70, "A", IF(G10>=60, "B", IF(G10>=50, "C", IF(G10>=40, "D", "E")))) -> A | I10: =_xlfn.RANK.EQ(G10, $G$4:$G$12) -> 1
A11: 8 | B11: Victor Okafor | C11: M | D11: 13 | E11: 10 | F11: 21 | G11: =SUM(D11:F11) -> 44 | H11: =IF(G11>=70, "A", IF(G11>=60, "B", IF(G11>=50, "C", IF(G11>=40, "D", "E")))) -> D | I11: =_xlfn.RANK.EQ(G11, $G$4:$G$12) -> 8
A12: 9 | B12: Victor Omenma | C12: M | D12: 14 | E12: 13 | F12: 54 | G12: =SUM(D12:F12) -> 81 | H12: =IF(G12>=70, "A", IF(G12>=60, "B", IF(G12>=50, "C", IF(G12>=40, "D", "E")))) -> A | I12: =_xlfn.RANK.EQ(G12, $G$4:$G$12) -> 3

Sheet Basic Science
B1: Subject: | C1: English Language
B2: Instructor's Name | C2: Idama Kingsley
A3: S/N | B3: Name | C3: Sex | D3: Test 1 | E3: Test 2 | F3: Exam | G3: Total | H3: GRADE | I3: Position
A4: 1 | B4: Christiana Gabriel | C4: F | D4: 14 | E4: 11 | F4: 42 | G4: =SUM(D4:F4) -> 67 | H4: =IF(G4>=70, "A", IF(G4>=60, "B", IF(G4>=50, "C", IF(G4>=40, "D", "E")))) -> B | I4: =_xlfn.RANK.EQ(G4, $G$4:$G$12) -> 5
A5: 2 | B5: Gabriel Ogbe | C5: M | D5: 11 | E5: 20 | F5: 55 | G5: =SUM(D5:F5) -> 86 | H5: =IF(G5>=70, "A", IF(G5>=60, "B", IF(G5>=50, "C", IF(G5>=40, "D", "E")))) -> A | I5: =_xlfn.RANK.EQ(G5, $G$4:$G$12) -> 3
A6: 3 | B6: Grace Okpara | C6: F | D6: 20 | E6: 5 | F6: 15 | G6: =SUM(D6:F6) -> 40 | H6: =IF(G6>=70, "A", IF(G6>=60, "B", IF(G6>=50, "C", IF(G6>=40, "D", "E")))) -> D | I6: =_xlfn.RANK.EQ(G6, $G$4:$G$12) -> 9
A7: 4 | B7: Kemi Sola | C7: F | D7: 18 | E7: 19 | F7: 59 | G7: =SUM(D7:F7) -> 96 | H7: =IF(G7>=70, "A", IF(G7>=60, "B", IF(G7>=50, "C", IF(G7>=40, "D", "E")))) -> A | I7: =_xlfn.RANK.EQ(G7, $G$4:$G$12) -> 1
A8: 5 | B8: Michael Okoro | C8: M | D8: 17 | E8: 12 | F8: 53 | G8: =SUM(D8:F8) -> 82 | H8: =IF(G8>=70, "A", IF(G8>=60, "B", IF(G8>=50, "C", IF(G8>=40, "D", "E")))) -> A | I8: =_xlfn.RANK.EQ(G8, $G$4:$G$12) -> 4
A9: 6 | B9: Shola Sholati | C9: F | D9: 11 | E9: 4 | F9: 40 | G9: =SUM(D9:F9) -> 55 | H9: =IF(G9>=70, "A", IF(G9>=60, "B", IF(G9>=50, "C", IF(G9>=40, "D", "E")))) -> C | I9: =_xlfn.RANK.EQ(G9, $G$4:$G$12) -> 8
A10: 7 | B10: Tutu Adegun | C10: M | D10: 16 | E10: 15 | F10: 30 | G10: =SUM(D10:F10) -> 61 | H10: =IF(G10>=70, "A", IF(G10>=60, "B", IF(G10>=50, "C", IF(G10>=40, "D", "E")))) -> B | I10: =_xlfn.RANK.EQ(G10, $G$4:$G$12) -> 6
A11: 8 | B11: Victor Okafor | C11: M | D11: 19 | E11: 18 | F11: 55 | G11: =SUM(D11:F11) -> 92 | H11: =IF(G11>=70, "A", IF(G11>=60, "B", IF(G11>=50, "C", IF(G11>=40, "D", "E")))) -> A | I11: =_xlfn.RANK.EQ(G11, $G$4:$G$12) -> 2
A12: 9 | B12: Victor Omenma | C12: M | D12: 17 | E12: 17 | F12: 27 | G12: =SUM(D12:F12) -> 61 | H12: =IF(G12>=70, "A", IF(G12>=60, "B", IF(G12>=50, "C", IF(G12>=40, "D", "E")))) -> B | I12: =_xlfn.RANK.EQ(G12, $G$4:$G$12) -> 6

Sheet RESULT SHEET
C2: OJB ACADEMY
C3: MOTTO: SHAPING THE FUTURE THROUGH TECHNOLOGY
C4: ADDRESS: INDEPENDENCE LAYOUT, ENUGU NORTH, ENUGU STATE
C5: ="RESULT SHEET FOR "&F9&" ACADEMIC SESSION" -> RESULT SHEET FOR 2025/2026 ACADEMIC SESSION
B7: NAME OF STUDENTS | C7: Kemi Sola
B9: GENDER | C9: =_xlfn.XLOOKUP(C7,'English Language'!$B$4:$B$12,'English Language'!$C$4:$C$12) -> F | E9: SESSION | F9: 2025/2026 | J9: KEY TO RATING
J10: A = EXCELLENT
B11: SUBJECTS | C11: TEST 1 | D11: TEST 2 | E11: EXAM | F11: TOTAL | G11: GRADE | H11: POSITION | J11: B = VERY GOOD
B12: Mathematics | C12: {=_xlfn.XLOOKUP($C$7,Mathematics!$B$4:$B$12,Mathematics!$D$4:$I$12,"")} -> 20 | D12: 13 | E12: 33 | F12: 66 | G12: B | H12: 6 | J12: C = GOOD
B13: English Language | C13: {=_xlfn.XLOOKUP($C$7,'English Language'!$B$4:$B$12,'English Language'!$D$4:$I$12,"")} -> 19 | D13: 16 | E13: 40 | F13: 75 | G13: A | H13: 4 | J13: D = PASS
B14: Basic Science | C14: =_xlfn.XLOOKUP(C7, 'Basic Science'!$B$4:$B$12, 'Basic Science'!$D$4:$D$12,"") -> 18 | D14: =_xlfn.XLOOKUP(C7,'Basic Science'!$B$4:$B$12,'Basic Science'!$E$4:$E$12,"") -> 19 | E14: =_xlfn.XLOOKUP(C7,'Basic Science'!$B$4:$B$12,'Basic Science'!$F$4:$F$12,"") -> 59 | F14: =_xlfn.XLOOKUP(C7,'Basic Science'!$B$4:$B$12,'Basic Science'!$G$4:$G$12,"") -> 96 | G14: =_xlfn.XLOOKUP(C7,'Basic Science'!$B$4:$B$12,'Basic Science'!$H$4:$H$12,"") -> A | H14: =_xlfn.XLOOKUP(C7,'Basic Science'!$B$4:$B$12,'Basic Science'!$I$4:$I$12,"") -> 1 | J14: E = POOR
B15: Basic Technology
B16: Computer Science | J16: KEY TO GRADING
B17: History | J17: A = 70% & ABOVE
B18: Social Studies | J18: B = 60% - 69%
B19: Civic Education | J19: C = 50 - 59%
B20: Home Economics | J20: D = 40 - 49%
B21: Literature in English | J21: E = 0 - 39%
B23: TOTAL SCORE | C23: =SUM(F12:F21) -> 237 | E23: AVERAGE SCORE | G23: =IFERROR(ROUND(AVERAGE(F12:F21),2),"") -> 79 | J23: POSITION
B25: ATTENDANCE
E39: NOTES:
