Workbook

Sheet Instructions
A1: Excel Functions Auto-Grading Practice
A3: How to use this workbook
A4: 1. Use the Dataset sheet to write formulas in the blue cells on the Practice sheet.
A5: 2. Each blue answer cell should contain a formula, not a typed answer.
A6: 3. Grading is result-based: if your formula returns the correct result, the row shows Correct.
A7: 4. Status meanings: Correct = right answer, Try again = wrong result, Fix formula = formula error.
A8: 5. The Answer_Key sheet is hidden so students can work independently.
A10: Functions covered
A11: COUNT, COUNTA, COUNTIF, COUNTIFS, COUNTBLANK, SUM, SUMIF, SUMIFS, AVERAGE, AVERAGEIF, MIN, MAX, CONCAT, LEN, LOWER, UPPER, PROPER, TRIM, LEFT, RIGHT, MID, FIND
A13: Tip: For text functions, pay attention to spaces and letter case.

Sheet Dataset
A1: ID | B1: Name | C1: Department | D1: Score | E1: Salary | F1: City | G1: Raw Text | H1: Code
A2: 1 | B2: john doe | C2: IT | D2: 78 | E2: 50000 | F2: lagos | G2: john doe | H2: PRD-100-LAG
A3: 2 | B3: mary ann | C3: HR | D3: 85 | E3: 60000 | F3: abuja | G3: mary ann | H3: INV-210-ABJ
A4: 3 | B4: PETER OBI | C4: IT | D4: 90 | E4: 70000 | F4: lagos island | G4: peter obi | H4: SUP-305-PHC
A5: 4 | B5: Jane Smith | C5: Finance | D5: 65 | E5: 55000 | F5: port harcourt | G5: jane smith | H5: ACC-415-ENU
A6: 5 | B6: samuel okon | C6: HR | D6: 88 | E6: 62000 | F6: uyo | G6: samuel okon | H6: HRM-510-UYO
A7: 6 | B7: linda joy | C7: Finance | E7: 58000 | F7: lagos | G7: linda joy | H7: OPS-615-LOS
A8: 7 | B8: victor igwe | C8: IT | D8: 92 | E8: 72000 | F8: enugu | G8: victor igwe | H8: MKT-720-ABK
A9: 8 | C9: HR | D9: 75 | F9: abuja | G9: guest user | H9: DEV-825-LAG
A10: 9 | B10: grace paul | C10: Finance | D10: 80 | E10: 61000 | G10: grace paul | H10: FIN-930-ABJ
A11: 10 | B11: daniel king | C11: IT | D11: 77 | E11: 53000 | F11: lagos | G11: daniel king | H11: SAL-104-KAD
A12: 11 | B12: esther igwe | C12: Sales | D12: 83 | E12: 49000 | F12: ibadan | G12: esther igwe | H12: WHS-118-IBD
A13: 12 | B13: michael lee | C13: Sales | D13: 91 | E13: 68000 | F13: kano | G13: michael lee | H13: LOG-225-KAN
A14: 13 | B14: tolu akin | C14: IT | E14: 64000 | F14: lagos | G14: tolu akin | H14: ITS-330-LAG
A15: 14 | B15: ruth okwu | C15: HR | D15: 69 | E15: 51000 | F15: enugu | G15: ruth okwu | H15: ADM-440-ENU
A16: 15 | B16: chinedu obi | C16: Finance | D16: 95 | E16: 76000 | F16: abuja | G16: chinedu obi | H16: AUD-550-ABJ

Sheet Practice
A1: Auto-Grading Function Practice
A3: Score | B3: =SUM(F9:F30) -> 21 | D3: Correct | E3: =COUNTIF(E9:E30,"Correct") -> 21
A4: Questions | B4: =COUNTA(B9:B30) -> 22 | D4: Try Again | E4: =COUNTIF(E9:E30,"Try again") -> 0
A5: Percent | B5: =IFERROR(B3/B4,0) -> 0.95454545 | D5: Fix Formula | E5: =COUNTIF(E9:E30,"Fix formula") -> 0
A8: No. | B8: Function | C8: Task | D8: Your Formula / Result | E8: Status | F8: Points | G8: Hint | H8: Expected Type
A9: 1 | B9: COUNT | C9: Count the numeric values in Dataset!D2:D16. | D9: =COUNT(Dataset!D2:D16) -> 13 | E9: =IF(LEN(D9)=0,"",IF(ISERROR(D9),"Fix formula",IF(Answer_Key!C9="N",IF(ABS(D9-Answer_Key!B9)<0.000001,"Correct","Try again"),IF(EXACT(D9,Answer_Key!B9),"Correct","Try again")))) -> Correct | F9: =IF(E9="","",IF(E9="Correct",1,0)) -> 1 | G9: Use Dataset!D2:D16 | H9: N
A10: 2 | B10: COUNTA | C10: Count the non-blank cells in Dataset!B2:B16. | D10: =COUNTA(Dataset!B2:B16) -> 15 | E10: =IF(LEN(D10)=0,"",IF(ISERROR(D10),"Fix formula",IF(Answer_Key!C10="N",IF(ABS(D10-Answer_Key!B10)<0.000001,"Correct","Try again"),IF(EXACT(D10,Answer_Key!B10),"Correct","Try again")))) -> Correct | F10: =IF(E10="","",IF(E10="Correct",1,0)) -> 1 | G10: Use Dataset!B2:B16 | H10: N
A11: 3 | B11: COUNTIF | C11: Count how many cells in Dataset!C2:C16 equal "IT". | D11: =COUNTIF(Dataset!C2:C16, "IT") -> 5 | F11: =IF(E11="","",IF(E11="Correct",1,0)) | G11: Criteria: "IT" | H11: N
A12: 4 | B12: COUNTIFS | C12: Count rows where Department is "HR" and Score is greater than or equal to 80. | D12: =COUNTIFS(Dataset!C2:C16, "HR",Dataset!D2:D16, ">=80") -> 2 | E12: =IF(LEN(D12)=0,"",IF(ISERROR(D12),"Fix formula",IF(Answer_Key!C12="N",IF(ABS(D12-Answer_Key!B12)<0.000001,"Correct","Try again"),IF(EXACT(D12,Answer_Key!B12),"Correct","Try again")))) -> Correct | F12: =IF(E12="","",IF(E12="Correct",1,0)) -> 1 | G12: Ranges: C2:C16 and D2:D16 | H12: N
A13: 5 | B13: COUNTBLANK | C13: Count the blank cells in Dataset!F2:F16. | D13: =COUNTBLANK(Dataset!F2:F16) -> 1 | E13: =IF(LEN(D13)=0,"",IF(ISERROR(D13),"Fix formula",IF(Answer_Key!C13="N",IF(ABS(D13-Answer_Key!B13)<0.000001,"Correct","Try again"),IF(EXACT(D13,Answer_Key!B13),"Correct","Try again")))) -> Correct | F13: =IF(E13="","",IF(E13="Correct",1,0)) -> 1 | G13: Use Dataset!F2:F16 | H13: N
A14: 6 | B14: SUM | C14: Add all salaries in Dataset!E2:E16. | D14: =SUM(Dataset!E2:E16) -> 849000 | E14: =IF(LEN(D14)=0,"",IF(ISERROR(D14),"Fix formula",IF(Answer_Key!C14="N",IF(ABS(D14-Answer_Key!B14)<0.000001,"Correct","Try again"),IF(EXACT(D14,Answer_Key!B14),"Correct","Try again")))) -> Correct | F14: =IF(E14="","",IF(E14="Correct",1,0)) -> 1 | G14: Use Dataset!E2:E16 | H14: N
A15: 7 | B15: SUMIF | C15: Sum salaries where Department is "IT". | D15: =SUMIF(Dataset!C2:C16, "IT", Dataset!E2:E16) -> 309000 | E15: =IF(LEN(D15)=0,"",IF(ISERROR(D15),"Fix formula",IF(Answer_Key!C15="N",IF(ABS(D15-Answer_Key!B15)<0.000001,"Correct","Try again"),IF(EXACT(D15,Answer_Key!B15),"Correct","Try again")))) -> Correct | F15: =IF(E15="","",IF(E15="Correct",1,0)) -> 1 | G15: Range C2:C16, sum E2:E16 | H15: N
A16: 8 | B16: SUMIFS | C16: Sum salaries where Department is "IT" and Score is greater than or equal to 80. | D16: =SUMIFS(Dataset!E2:E16, Dataset!C2:C16, "IT",Dataset!D2:D16, ">=80") -> 142000 | E16: =IF(LEN(D16)=0,"",IF(ISERROR(D16),"Fix formula",IF(Answer_Key!C16="N",IF(ABS(D16-Answer_Key!B16)<0.000001,"Correct","Try again"),IF(EXACT(D16,Answer_Key!B16),"Correct","Try again")))) -> Correct | F16: =IF(E16="","",IF(E16="Correct",1,0)) -> 1 | G16: Use C2:C16, D2:D16, E2:E16 | H16: N
A17: 9 | B17: AVERAGE | C17: Find the average of the numeric scores in Dataset!D2:D16. | D17: =AVERAGE(Dataset!D2:D16) -> 82.153846 | E17: =IF(LEN(D17)=0,"",IF(ISERROR(D17),"Fix formula",IF(Answer_Key!C17="N",IF(ABS(D17-Answer_Key!B17)<0.000001,"Correct","Try again"),IF(EXACT(D17,Answer_Key!B17),"Correct","Try again")))) -> Correct | F17: =IF(E17="","",IF(E17="Correct",1,0)) -> 1 | G17: Use Dataset!D2:D16 | H17: N
A18: 10 | B18: AVERAGEIF | C18: Find the average score for rows where Department is "Finance". | D18: =AVERAGEIF(Dataset!C2:C16, "FINANCE", Dataset!D2:D16) -> 80 | E18: =IF(LEN(D18)=0,"",IF(ISERROR(D18),"Fix formula",IF(Answer_Key!C18="N",IF(ABS(D18-Answer_Key!B18)<0.000001,"Correct","Try again"),IF(EXACT(D18,Answer_Key!B18),"Correct","Try again")))) -> Correct | F18: =IF(E18="","",IF(E18="Correct",1,0)) -> 1 | G18: Criteria on C2:C16 | H18: N
A19: 11 | B19: MIN | C19: Return the lowest numeric score in Dataset!D2:D16. | D19: =MIN(Dataset!D2:D16) -> 65 | E19: =IF(LEN(D19)=0,"",IF(ISERROR(D19),"Fix formula",IF(Answer_Key!C19="N",IF(ABS(D19-Answer_Key!B19)<0.000001,"Correct","Try again"),IF(EXACT(D19,Answer_Key!B19),"Correct","Try again")))) -> Correct | F19: =IF(E19="","",IF(E19="Correct",1,0)) -> 1 | G19: Use Dataset!D2:D16 | H19: N
A20: 12 | B20: MAX | C20: Return the highest numeric score in Dataset!D2:D16. | D20: =MAX(Dataset!D2:D16) -> 95 | E20: =IF(LEN(D20)=0,"",IF(ISERROR(D20),"Fix formula",IF(Answer_Key!C20="N",IF(ABS(D20-Answer_Key!B20)<0.000001,"Correct","Try again"),IF(EXACT(D20,Answer_Key!B20),"Correct","Try again")))) -> Correct | F20: =IF(E20="","",IF(E20="Correct",1,0)) -> 1 | G20: Use Dataset!D2:D16 | H20: N
A21: 13 | B21: CONCAT | C21: Join Dataset!B2, " - ", and Dataset!F2 into one text string. | D21: =_xlfn.CONCAT(Dataset!B2, " - ", Dataset!F2) -> john doe - lagos | E21: =IF(LEN(D21)=0,"",IF(ISERROR(D21),"Fix formula",IF(Answer_Key!C21="N",IF(ABS(D21-Answer_Key!B21)<0.000001,"Correct","Try again"),IF(EXACT(D21,Answer_Key!B21),"Correct","Try again")))) -> Correct | F21: =IF(E21="","",IF(E21="Correct",1,0)) -> 1 | G21: Example pattern: name - city | H21: T
A22: 14 | B22: LEN | C22: Count the number of characters in Dataset!B3. | D22: =LEN(Dataset!B3) -> 8 | E22: =IF(LEN(D22)=0,"",IF(ISERROR(D22),"Fix formula",IF(Answer_Key!C22="N",IF(ABS(D22-Answer_Key!B22)<0.000001,"Correct","Try again"),IF(EXACT(D22,Answer_Key!B22),"Correct","Try again")))) -> Correct | F22: =IF(E22="","",IF(E22="Correct",1,0)) -> 1 | G22: Use Dataset!B3 | H22: N
A23: 15 | B23: LOWER | C23: Convert Dataset!B4 to lowercase. | D23: =LOWER(Dataset!B4) -> peter obi | E23: =IF(LEN(D23)=0,"",IF(ISERROR(D23),"Fix formula",IF(Answer_Key!C23="N",IF(ABS(D23-Answer_Key!B23)<0.000001,"Correct","Try again"),IF(EXACT(D23,Answer_Key!B23),"Correct","Try again")))) -> Correct | F23: =IF(E23="","",IF(E23="Correct",1,0)) -> 1 | G23: Use Dataset!B4 | H23: T
A24: 16 | B24: UPPER | C24: Convert Dataset!F5 to uppercase. | D24: =UPPER(Dataset!F5) -> PORT HARCOURT | E24: =IF(LEN(D24)=0,"",IF(ISERROR(D24),"Fix formula",IF(Answer_Key!C24="N",IF(ABS(D24-Answer_Key!B24)<0.000001,"Correct","Try again"),IF(EXACT(D24,Answer_Key!B24),"Correct","Try again")))) -> Correct | F24: =IF(E24="","",IF(E24="Correct",1,0)) -> 1 | G24: Use Dataset!F5 | H24: T
A25: 17 | B25: PROPER | C25: Convert Dataset!B7 to proper case. | D25: =PROPER(Dataset!B7) -> Linda Joy | E25: =IF(LEN(D25)=0,"",IF(ISERROR(D25),"Fix formula",IF(Answer_Key!C25="N",IF(ABS(D25-Answer_Key!B25)<0.000001,"Correct","Try again"),IF(EXACT(D25,Answer_Key!B25),"Correct","Try again")))) -> Correct | F25: =IF(E25="","",IF(E25="Correct",1,0)) -> 1 | G25: Use Dataset!B7 | H25: T
A26: 18 | B26: TRIM | C26: Clean extra spaces in Dataset!G2. | D26: =TRIM(Dataset!G2) -> john doe | E26: =IF(LEN(D26)=0,"",IF(ISERROR(D26),"Fix formula",IF(Answer_Key!C26="N",IF(ABS(D26-Answer_Key!B26)<0.000001,"Correct","Try again"),IF(EXACT(D26,Answer_Key!B26),"Correct","Try again")))) -> Correct | F26: =IF(E26="","",IF(E26="Correct",1,0)) -> 1 | G26: Use Dataset!G2 | H26: T
A27: 19 | B27: LEFT | C27: Return the first 4 characters from Dataset!H2. | D27: =LEFT(Dataset!H2, 4) -> PRD- | E27: =IF(LEN(D27)=0,"",IF(ISERROR(D27),"Fix formula",IF(Answer_Key!C27="N",IF(ABS(D27-Answer_Key!B27)<0.000001,"Correct","Try again"),IF(EXACT(D27,Answer_Key!B27),"Correct","Try again")))) -> Correct | F27: =IF(E27="","",IF(E27="Correct",1,0)) -> 1 | G27: Use Dataset!H2 | H27: T
A28: 20 | B28: RIGHT | C28: Return the last 3 characters from Dataset!H3. | D28: =RIGHT(Dataset!H3, 3) -> ABJ | E28: =IF(LEN(D28)=0,"",IF(ISERROR(D28),"Fix formula",IF(Answer_Key!C28="N",IF(ABS(D28-Answer_Key!B28)<0.000001,"Correct","Try again"),IF(EXACT(D28,Answer_Key!B28),"Correct","Try again")))) -> Correct | F28: =IF(E28="","",IF(E28="Correct",1,0)) -> 1 | G28: Use Dataset!H3 | H28: T
A29: 21 | B29: MID | C29: From Dataset!H4, return 3 characters starting at character 5. | D29: =MID(Dataset!H4, 5, 3) -> 305 | E29: =IF(LEN(D29)=0,"",IF(ISERROR(D29),"Fix formula",IF(Answer_Key!C29="N",IF(ABS(D29-Answer_Key!B29)<0.000001,"Correct","Try again"),IF(EXACT(D29,Answer_Key!B29),"Correct","Try again")))) -> Correct | F29: =IF(E29="","",IF(E29="Correct",1,0)) -> 1 | G29: Use MID with H4 | H29: T
A30: 22 | B30: FIND | C30: Find the position of "-" in Dataset!H2. | D30: =FIND("-",Dataset!H2) -> 4 | E30: =IF(LEN(D30)=0,"",IF(ISERROR(D30),"Fix formula",IF(Answer_Key!C30="N",IF(ABS(D30-Answer_Key!B30)<0.000001,"Correct","Try again"),IF(EXACT(D30,Answer_Key!B30),"Correct","Try again")))) -> Correct | F30: =IF(E30="","",IF(E30="Correct",1,0)) -> 1 | G30: Find first hyphen | H30: N
A33: Enter each answer as a formula in column D.

Sheet Answer_Key
A1: Function | B1: Expected_Result | C1: Type
A9: COUNT | B9: =COUNT(Dataset!D2:D16) -> 13 | C9: N
A10: COUNTA | B10: =COUNTA(Dataset!B2:B16) -> 15 | C10: N
A11: COUNTIF | B11: =COUNTIF(Dataset!C2:C16,"IT") -> 5 | C11: N
A12: COUNTIFS | B12: =COUNTIFS(Dataset!C2:C16,"HR",Dataset!D2:D16,">=80") -> 2 | C12: N
A13: COUNTBLANK | B13: =COUNTBLANK(Dataset!F2:F16) -> 1 | C13: N
A14: SUM | B14: =SUM(Dataset!E2:E16) -> 849000 | C14: N
A15: SUMIF | B15: =SUMIF(Dataset!C2:C16,"IT",Dataset!E2:E16) -> 309000 | C15: N
A16: SUMIFS | B16: =SUMIFS(Dataset!E2:E16,Dataset!C2:C16,"IT",Dataset!D2:D16,">=80") -> 142000 | C16: N
A17: AVERAGE | B17: =AVERAGE(Dataset!D2:D16) -> 82.153846 | C17: N
A18: AVERAGEIF | B18: =AVERAGEIF(Dataset!C2:C16,"Finance",Dataset!D2:D16) -> 80 | C18: N
A19: MIN | B19: =MIN(Dataset!D2:D16) -> 65 | C19: N
A20: MAX | B20: =MAX(Dataset!D2:D16) -> 95 | C20: N
A21: CONCAT | B21: =Dataset!B2&" - "&Dataset!F2 -> john doe - lagos | C21: T
A22: LEN | B22: =LEN(Dataset!B3) -> 8 | C22: N
A23: LOWER | B23: =LOWER(Dataset!B4) -> peter obi | C23: T
A24: UPPER | B24: =UPPER(Dataset!F5) -> PORT HARCOURT | C24: T
A25: PROPER | B25: =PROPER(Dataset!B7) -> Linda Joy | C25: T
A26: TRIM | B26: =TRIM(Dataset!G2) -> john doe | C26: T
A27: LEFT | B27: =LEFT(Dataset!H2,4) -> PRD- | C27: T
A28: RIGHT | B28: =RIGHT(Dataset!H3,3) -> ABJ | C28: T
A29: MID | B29: =MID(Dataset!H4,5,3) -> 305 | C29: T
A30: FIND | B30: =FIND("-",Dataset!H2) -> 4 | C30: N
